Date,Discount,ZeroRate
2023-02-02,1,NaN
2023-05-02,0.993828106607278,0.0253901310599023
2023-05-17,0.992386032191141,0.026824348508252
2023-06-21,0.989182458836399,0.0285605309463461
2023-07-19,0.986784583245721,0.0290765500640359
2023-08-16,0.984068284945546,0.0300610051781158
2023-09-20,0.980634917472605,0.0310330016345175
2023-10-18,0.978161012778448,0.0312386067081392
2023-12-20,0.972032062457609,0.0322547304808503
2025-02-03,0.93866324021987,0.0315627769948309
2026-02-02,0.914361610913726,0.029815821005754
2027-02-02,0.891326658415006,0.02874138879367
2028-02-02,0.868540713217822,0.0281727262445516
2029-02-02,0.846010959456357,0.0278450648869454
2030-02-04,0.823448640334531,0.0277072083151127
2031-02-03,0.800805323258634,0.0277386768066145
2032-02-02,0.777986179845699,0.0278770852781986
2033-02-02,0.754944918255276,0.0280879628379273
2034-02-02,0.732379919955307,0.0282930307157175
2035-02-02,0.710681087130871,0.0284414771287491
2038-02-02,0.652394987337623,0.0284528852828045
2043-02-02,0.583388443767625,0.0269266585914044
2048-02-03,0.536940264277051,0.0248556698515625
2053-02-03,0.500356756102497,0.0230621755466808
2063-02-02,0.441051148267516,0.0204508532611274
2073-02-02,0.398346946303114,0.0183955349122763
