Date,Discount,ZeroRate,MarketRate
2023-02-09,0.999615973921574,0.0200280628418955,0.0197575
2023-02-16,0.999148281598175,0.0222149772721211,0.02192
2023-03-02,0.998214305520125,0.0232986113386207,0.023
2023-04-03,0.99593492561196,0.0247796021830925,0.02449
2023-05-02,0.993651717882708,0.0261180800466575,0.0258425
2023-06-02,0.991027894131793,0.0274133176676292,0.02716
2023-07-03,0.98828535949127,0.0284840139218492,0.02826
2023-08-02,0.985543513902015,0.0293653575574635,0.029175
2023-09-04,0.982471949914126,0.0301610848293385,0.0300125
2023-10-02,0.979875253986728,0.0306630274941472,0.0305525
2023-11-02,0.977009898657206,0.0310965230264252,0.03103
2023-12-04,0.974094629775719,0.0314101339166209,0.03139
2024-01-02,0.971473490512347,0.031627466059237,0.03165
2024-02-02,0.968694028909462,0.0318064765933001,0.031875
2024-08-02,0.953681325334664,0.031646036401543,0.031615
2025-02-03,0.940528534118708,0.0305728843698467,0.030635
2026-02-02,0.917781063666573,0.0285727093826436,0.028655
2027-02-02,0.896422218334993,0.0273172273650284,0.027415
2028-02-02,0.875493245552172,0.0265790046111346,0.026685
2029-02-02,0.8547666302576,0.026130602164603,0.02624
2030-02-04,0.834009125429253,0.0258896018938524,0.025995
2031-02-03,0.813176312558656,0.025824383890078,0.02592
2032-02-02,0.792018661339301,0.0258920501001196,0.02597
2033-02-02,0.770445854523018,0.0260571731314303,0.02611
2034-02-02,0.749296661538747,0.0262186183244365,0.0262475
2035-02-02,0.728545134568942,0.0263740772121884,0.02638
2038-02-02,0.672432662060215,0.0264375717647454,0.02643
2043-02-02,0.604148323231,0.0251795308925155,0.02539
2048-02-03,0.55654756131149,0.0234221382062711,0.0239625
2053-02-03,0.517136679409892,0.0219635500731119,0.02277
2063-02-02,0.453608275588497,0.0197495050040855,0.0209575
2073-02-02,0.406065692646135,0.0180119761097087,0.0195425
